|negative| , |RT Old EVMs breaking down CEO website off line voter names vanishing BJP breaking every rule in booths State EC keeping| 
|negative| , |RT BJP Asansol IT Incharge PostCard News spreading fake video in order to create communal discord in Bengal| 
|negative| , |RT As always amp like now amp speeding fake news to create communal tension in Bengal https| 
|negative| , |RT BJP Asansol IT Incharge PostCard News spreading fake video in order to create communal discord in Bengal| 
|negative| , |RT pradeip Don t waste your breath on such turncoats they will be treated like garbage in BJP| 
|negative| , |The Bharatiya Janata Party BJP has mastered the art of media management like few other For over four days now| 
|negative| , |3yrs of BJP rule amp its social engineering has brought India to this Will only get worse has a role i| 
|negative| , |RT Deodhar Had a late night meeting with IT amp Youth team of Tripura s Dhalai dist at Ambassa BJP office| 
|negative| , |Before Media Begging and Drinking Urine Behind Media Bisleri water and Biryani some Questions why BJP is s| 
|negative| , |RT Overheard few Aaptards talking One of them was saying Posting amp canvassing for AAP is his Profession Voting for BJP is h| 
|negative| , |RT News Delhi BJP moves SEC alleging that Dy CM appealed to the people for votes during a TV interview today while polling| 
|negative| , |RT This attempt to spread communal discord with fake videos in states like Bengal must stop| 
|negative| , |RT Media reporting Kejriwal didn t attend interaction with Modi Idiot media Ur master Modi himslf tweeted CMs of s| 
|negative| , |You are so predictable You justify every wrong in favour of Aap amp criticise BJP as a habbit BiasedJourno| 
|negative| , |RT Revealing the secret BJP MCD war room| 
|negative| , |BJP sud lose few elections these guys have gone into Manmohan Sonia mode when ti comes to Jihadis and Maoists same old I condemn drama| 
|negative| , |RT Sir Whom are u asking this question Seems u forgot theres Bjp govt both at centre amp state failed terribly on| 
|negative| , |RT pac I ve been saying this Bjp has 3 options 1 dismiss aap 2 buy MLAs 3 with LG block files make work impossible also tie up i| 
|negative| , |RT In Kashmir we have foreign actors at play with local cohorts But Sukma after 3 terms of Raman Singh and BJP Govt at ce| 
|negative| , |RT Sikh farmer brutally beaten his beard pulled by local BJP leader and his goons at Balrampur UP| 
|negative| , |RT handl ghatiya insaan State aur Center dono me BJP ki sarkaar ne kya kiya Responsibility accountability ka matl| 
|negative| , |RT BJP kemcho mazey mein Mojo Now can u say that its fake news PS Don t MESS with us| 
|negative| , |RT Thread on BJP s propaganda This masjid was built by King Sethupathi in Dravidian style But for Hindutvadis http| 
|negative| , |RT Four clowns in BJP who can together destroy India within a decade| 
|negative| , |RT CCTVs were broken the name plate was vandalised They ransacked my office The BJP MP was part of that crowd https| 
|negative| , |RT Dear Indians called the above tweet of BJP a fake news The pic below nails her li| 
|negative| , |RT Kamaal ki baat hai AAP ne itna kaam kia fir bhi log ANGRY hain BJP ne 10 saal kuch nahi kia aur logo ne vote bar| 
|negative| , |RT Salute to CRPF bravehearts Praying for strength to families to bear tragic loss BJP Govts at Centre State must compensat| 
|negative| , |RT Sorry never had patience to blog but its obvious Left s stupid arrogance on nuclear deal during UPA1 enabled both Mamata amp B| 
|negative| , |RT BJP leadrs blame opposition for attack on Jawans in J amp K amp Chattisgarh Idiots Both the states are ruled by BJP who shd| 
|negative| , |RT So Left felt INC was a greater ideological enemy than Sangh in trying to bring UPA1 down with BJP support Thats even worse tha| 
|negative| , |BJP is committed to bring back the glory of Bengal the land of Tagore Swami Vivekanand Subhash babu S P Mookerjee and other stalwarts| 
|negative| , |This is natural thing and BJP govt have not helped rubber manufacturers to get right rate of rubber Poor show| 
|negative| , |RT Of BJP ruled states you can say one thing Where there is conflict they make it worse Where there isn t conflict they| 
|negative| , |RT 4 So murder charges mean nothing You can get bail after murdering someone over suspicion of eating beef which too was false| 
|negative| , |Vistaar Yatra Trinamool even worse than Left says BJP chief Amit Shah Zee News| 
|negative| , |Vistaar Yatra Trinamool even worse than Left says BJP chief Amit Shah Zee News IndiaNews| 
|negative| , |RT Liberal amp Secular checklist Victim Dalit Muslim Christian BJP ruled state No editorials No op eds No TV debates| 
|negative| , |RT Zone Patidar leader and illegal mining activist Pankaj Patel allegedly murdered yesterday This is what happens when u rai| 
|negative| , |Zee News Vistaar Yatra Trinamool even worse than Left says BJP chief Amit ShahZee NewsKicking off his 15 day| 
|negative| , |Serious plot to destabilise SicKular India by communal BJP amp evil Modi Boss| 
|negative| , |RT RT if u believe that is BJP propaganda channel amp u are waiting to block it the day it wl come On air| 
|negative| , |RT The sad story of Sanghis and the BJP Can t fight Pakistan so attack helpless Indian Muslims Can t fight Naxals so at| 
|negative| , |RT Look at the reactions to this statement People are slowly realising the doublespeak of BJP| 
|negative| , |Vistaar Yatra Trinamool even worse than Left says BJP chief Amit Shah Zee News| 
|negative| , |Vistaar Yatra Trinamool even worse than Left says BJP chief Amit Shah Zee News Zee News Vistaar Yatra| 
|negative| , |Vistaar Yatra Trinamool even worse than Left says BJP chief Amit Shah Zee News| 
|negative| , |RT HariOm Who will the Hindus of Jammu now vote for Cong BJP PDP and NC all anti Hindu and anti Jammu I hate and despise hate H| 
|negative| , |Way to Gooo Fake Rastravadi Party BJP republictv BJPKaJungleRaaj Fraud| 
|negative| , |we can stop cleaning Ganga for a while and worry about spreading BJP in other states Can we kill these home grown terrorists 1st| 
|negative| , |In TV discussion Congress which gave Corruption Poverty and UGLY caste system is tryin| 
|negative| , |RT SHOCKING BJP paid Fake voters to Vote for Kamal aka BJP in MCD elections Confessed by voters themselves| 
|negative| , |BJP S social media head circulates fake video to fan communal fire Serious offence under IPC IT Act Must be arrested| 
|negative| , |RT AntiModiMela if BJP is bad rest of d opposition is worst ppl r intelligent enuf to choose d bad n kick out d worst| 
|negative| , |Sir Please see the link below Being a wellwisher I am very much disappointed Regards| 
|negative| , |RT V997 Muslims aren t confused like Hindus They wont vote for BJP they may do Taqiyya to fool Kafirs but thats 2 fur| 
|negative| , |RT SHOCKING BJP paid Fake voters to Vote for Kamal aka BJP in MCD elections Confessed by voters themselves| 
|negative| , |bol i m not supporting any party bjp do well support of indra at that ti| 
|negative| , |Sir Please see link below Being a wellwisher I am very much disappointed Regards| 
|negative| , |3Novices Out of its 25 councillors Congress loses 23 to BJP in Itanagar The IMC comprised 30 councillors and 2| 
|negative| , |Loses bigtime in bid to gain control of corporations| 
|negative| , |RT BJP sweep in MCDelections2017 no cause for complacency BJP run MCD known for corruption amp shoddy work Has won due to| 
|negative| , |AAP You were supposed to be one of us common man But you betrayed us You became just another Congress BJP Now pay for the betrayal| 
|negative| , |Sir please see the link below Being a wellwisher I am very much disappointed Regards| 
|negative| , |RT Bjp BHOJ in naxalbari 4 expansion of mass base which took toll of city Maoist in MCD and soon engagement with corporat| 
|negative| , |Under trial Muslim youths are killed in the encounter in BJP ruled state and the terrorist is released on the bail TerroristPragyaThakur| 
|negative| , |RT For d last 4 5 days I m observing few Aapins speaking app leader I request stop it immediately else I will consider them so| 
|negative| , |Bjp Govt in Center n Haryana is in the pocket of Builder mafia Govt protecting fraud buil| 
|negative| , |RT Pakistan is suffering because of the Good Terrorists in past who are now evil Will India suffer t| 
|negative| , |RT Disgusting The sadistic glee with which English News anchors are celebrating AAP s defeat in MCD Luv the way BJP s treated with| 
|negative| , |RT Rise of Hindutva in Modi era a big problem for all political parties other than BJP n it s aliances Hindutva is ideology no| 
|negative| , |Sir law Aam Admi ke liye hota he Mere aur aap jaise log After RERA passed builder have bribed Bjp now hindering RERA| 
|negative| , |RT withINC You know how Corrupt is when instead of framing charges against Sheila Dikshit modi is begging her to join B| 
|negative| , |Bhai this generation s bollywood is full of Islamic Pak sympathizers and others afraid of being associated with BJP| 
|negative| , |RT Why India s opposition is nearly irrelevant via| 
|negative| , |this r the real face f media how dumb this Anchor his bodylanguage speaks himself| 
|negative| , |RT BJP S social media head circulates fake video to fan communal fire Serious offence under IPC IT Act Must be arrested https| 
|negative| , |The juggernaut that the BJP party has become The Economist is grudgingly beginning to accept the new Indian realty| 
|negative| , |RT RT If you want to say sorry to Millions of BJP supporters for attending NDTV journalist Sunetra Choudhury s| 
|negative| , |RT Everyday expectations are growing from every segment in UP seeing ur performance But ask BJP MLAs not to| 
|negative| , |RT Liberals complaint BJP has been rejected by 64 ppl while their CPI and CPM combined rejected by 99 83 They exist just| 
|negative| , |RT HariOm What an irony Congress demands abrogation of Nasty Article 370 BJP defends Article 370 and says alliance with Pro Pak PD| 
|negative| , |BJP If that is illegal and crime why govt is not acting| 
|negative| , |RT The bjp is so afraid of Priyanka Gandhi Vadra they want to put baseless allegations on her without proof or facts Priyan| 
|negative| , |RT However hard bjp might try to malign d Gandhi s the truth always stands tall PriyankaKnocksOu| 
|negative| , |RT Kis ki himmat he jo BJP ke khilaf fake news dete Poilce wale ko pitta dekhkar koi aisi himmat kar hi nahi sakta| 
|negative| , |Ghulam N Azad says he knew of the wrong doings of BJP leaders but did not harass with cases I challenge him to make public a single case| 
|negative| , |RT RT If you want to say sorry to Millions of BJP supporters for attending NDTV journalist Sunetra Choudhury s| 
|negative| , |RT I have an eerie feeling that Modi Doval plan to turn the Kashmir issue into the new Ram Mandir for BJP in 2019| 
|negative| , |RT Ghulam N Azad says he knew of the wrong doings of BJP leaders but did not harass with cases I challenge him to make public a| 
|negative| , |need your intervention here sir BJP meeting being attacked by a few men from a community please help| 
|negative| , |RT How does BJP govt hide it s failures By extreme vendetta politics| 
|negative| , |RT Liberals complaint BJP has been rejected by 64 ppl while their CPI and CPM combined rejected by 99 83 They exist just| 
|negative| , |Wat happened to anti incumbency against 10 yrs of pathetic BJP rule in MCD Why didnt ppl come out| 
|negative| , |RT Whatever Commission it is this is political vendetta of worst order said Congress leader Ghulam Nabi Azad| 
|negative| , |sir is channel pe bjp ke alawa sari party ke candidate ke volume slow kr diye jate h kabhi kabhi to bilkul band kr dete| 
|negative| , |RT Another slightly dull misogynist piece from Manu Joseph this time about right wing women Curious why he gets published| 
|negative| , |Bjp took a clear stand on the issue Entire oppn including yr party ws looking fr political opportunity as usual bt| 
|negative| , |Once bitten twice shy they are fully aware of the effects Ramayana amp Mahabharata epic of 80s had on the Hi| 
|neutral| , |Delhi will vote to fix Muncipial Corporations run by BJP for 10 years by voting for BJP And then curse that nothing works| 
|neutral| , |Met Chief Ministers amp Deputy Chief Ministers of states governed by BJP| 
|neutral| , |RT Why blame SC when Govt Vakils still argue on UPA s appeal filed in 2011 BJP Govt if they have courage of conviction| 
|neutral| , |RT BJP MCDelections2017| 
|neutral| , |The Bharatiya Janata Party is poised for a third consecutive term in Delhi municipal corporations with a brute maj| 
|neutral| , |Mera vote BJP Ko aur Apka| 
|neutral| , |RT UP CM leaves from BJP HQ in Delhi after the meeting of PM with CMs amp Deputy CMs of BJP ruled states| 
|neutral| , |RT sm AnarchyInUP local BJP leader Hemant Tiwari was also present when the Sangh activists assaulted the policemen| 
|neutral| , |amarinder Achha And do| 
|neutral| , |I just used BJP| 
|neutral| , |RT BJP| 
|neutral| , |RT powertoyourmouth UN Unlike Iranians Hindus used democracy for revolution HinduRevolution https| 
|neutral| , |MCD elections 2017 Exit polls project BJP victory here are the reactions| 
|neutral| , |RT Pictures of meeting with Chief Ministers and Deputy Chief Ministers of states governed by BJP in presence of PM Sh| 
|neutral| , |RT I have voted for BJP in MCDelections2017 Have You https| 
|neutral| , |RT BJP Govt opposes PIL seeking to ban convicted criminals from running for office| 
|neutral| , |RT Beware India India s beauty lies in it s diversity People who want to hurt this should be given severe punishment https| 
|neutral| , |RT| 
|neutral| , |BJP| 
|neutral| , |Ind| 
|neutral| , |RT| 
|neutral| , |That has been congi Agenda Not of BJP 70 years are enough for some agency to delive| 
|neutral| , |PM| 
|neutral| , |that too after suspending AP MPs from parl then BJP INC promised somethi| 
|neutral| , |RT CPM controls temples where as BJP says we are secular| 
|neutral| , |RT Mera vote BJP Ko| 
|neutral| , |PM Narendra Modi asks states to ensure safety of J amp K students Livemint BJP NaMo| 
|neutral| , |RT After the ExitPoll results of MCD in favour of BJP AAP spokesperson buy excuses in EVM Don t they know that Exit Polls do| 
|neutral| , |RT Responsibility of power cuts in Delhi goes to BJP Cong but the credit for reduced tariffs of electricity goes to Kejriwal amp AA| 
|neutral| , |RT BJP poised to sweep Delhi municipal elections India Today Axis My India exit poll| 
|neutral| , |amarinder Public demonstrated their dis| 
|neutral| , |RT MCD BJP 10 AAP referendum| 
|neutral| , |RT| 
|neutral| , |RT In Agra Bajrangis attack Police Station In MP relatives of BJP Leader thrash Cop Blood boils only if me in uniform attacked| 
|neutral| , |RT Met Chief Ministers amp Deputy Chief Ministers of states governed by BJP| 
|neutral| , |PM| 
|neutral| , |MCD elections 2017 Exit polls project BJP victory here are the reactions| 
|neutral| , |RT BTC12460| 
|neutral| , |RT BJP is hacking EVMs so that Delhi people get dengue Why is UN not doing anything cc| 
|neutral| , |powertoyourmouth UN Unlike Iranians Hindus used democracy for revolution HinduRevolution| 
|neutral| , |RT BTC12460 bjp| 
|neutral| , |Crucial RSS BJP UP government coordination meet today in Lucknow India Today| 
|neutral| , |RT I met an cab driver He has a message for ji and BJP voters Delhi| 
|neutral| , |bjp 200| 
|neutral| , |RT BJP| 
|neutral| , |RT How is it change if the BJP has been in power for 10 years and you vote again for the BJP| 
|neutral| , |DAISUSHI| 
|neutral| , |RT News No differences with coalition partner PDP in J amp K amp the state govt is working well BJP| 
|neutral| , |bjp 200| 
|neutral| , |sir 10 BJP MCD| 
|neutral| , || 
|neutral| , |pack ka koe paisa nahi milna hai sab kha Gaye hai bacha kya hai Jo milega khane wale sebi CBI ed nirmal Singh sc bjp lodha| 
|neutral| , |2019 mein West Delhi MP seat per agar Parvesh Verma ko ticket toh 36 Baradari ne kaha BJP ko vote nahi Report card Zero| 
|neutral| , |Crucial RSS BJP UP government coordination meet today in Lucknow India Today Lucknow News| 
|neutral| , |Sir the no 218 is correct Only it s for the BJP I think this internal survey is a big concocted story there isn t one| 
|neutral| , |RT pic 1 rcb in congress government pic 2 rcb in bjp government KKRvRCB| 
|neutral| , |Reactions When CRPF soldiers die Under UPA Home Minister must resign Under BJP It is all JNU s fault| 
|neutral| , |Team BJP dedicated to serve the people of India under the visionary leadership of Prime Minister Shri| 
|neutral| , |Get all information related to BJP NationalExecutiveMeet Bhubaneswar 2017 a| 
|neutral| , |RT I also spoke to Liz Mathew of at BJPNationalExecutiveMeet on a host of issues Link to story| 
|neutral| , |RT MLA BJP AAPMLA https| 
|neutral| , |RT Reactions When CRPF soldiers die Under UPA Home Minister must resign Under BJP It is all JNU s fault| 
|neutral| , |RT Chhattisgarh is Ruled By BJP Centre By Modi Govt BJP need to take the Sukma Responsibility HMO need to either Resign or| 
|neutral| , |RT India Dalit Muslim violence in Saharanpur is being seen as part of a pattern that may be replicated ahead of 2019 polls| 
|neutral| , |RT BJP TMC BJP| 
|neutral| , |RT When Congress in power Home Minister must resign When BJP in power it s all JNU students fault Sign how Times Now have| 
|neutral| , |RT Just to remind flagwavers and cheerleaders of both Congress amp BJP UPA had promised Zero tolerance of terrorism So h| 
|neutral| , |RT Under leadership of Sh CM BJP Pres all ADC members of Churachandpur merge| 
|neutral| , |RT Two BJP leaders convicted for supplying arms to Naxals| 
|neutral| , |RT Yes Every channel blamed everyone except BJP govt| 
|neutral| , |RT People of Delhi are against Kejriwal if he had any moral fiber he would resign Nalin Kohli BJP DengueForVotes| 
|neutral| , |bjp Attack to sukma And throwing terror| 
|neutral| , |RT| 
|neutral| , |RT It s shameful that u consted twice on AAP ticket n both the time people rejected you No wonder you joined BJP after AAP J| 
|neutral| , |RT I campaigned for you in RK Puram and have never seen you campaigning in Jhuggis Then you need MP se| 
|neutral| , |RT India Tehseen Poonawala s letter to the PM over Chinese activity in GilgitBaltistan draws support from BJP leaders| 
|neutral| , |RT Get all information related to BJP NationalExecutiveMeet Bhubaneswar 2017 at https| 
|neutral| , || 
|neutral| , |RT BJP| 
|neutral| , || 
|neutral| , |RT We voted BJP so that dantewada type Massacre never happens But today with Sukma Massacre Our belief has been shake| 
|neutral| , |RT Indian Army k rights maangnewale soldier Tejbahadur ko toh dismiss kar diya BJP ne Btw aap ka ye| 
|neutral| , |RT MCD BJP 272 218 BJP| 
|neutral| , || 
|neutral| , |RT builder What BJP has done to JK Utter disgrace| 
|neutral| , || 
|neutral| , || 
|neutral| , || 
|neutral| , |RT When the leader of a civilised country met a Hindu terrorist BJP HinduTerrorism TurnbullMetModi| 
|neutral| , |RT BJP amarinder| 
|neutral| , || 
|neutral| , |RT BJP| 
|neutral| , |RT The JNU crackdown could be the BJP s undoing via| 
|neutral| , |RT| 
|neutral| , |RT| 
|neutral| , |RT shalini Fadnavis ed| 
|neutral| , |RT| 
|neutral| , |RT BJP| 
|neutral| , |BJP| 
|neutral| , |RT Civil society organisations led by PUCL began a three day sit in outside the Assembly seeking justice for Khan| 
|neutral| , |RT Yogi s progressing UP thana in Agra SP s house in Saharanpur attacked by supporters of BJP MP stoking riots| 
|neutral| , |RT NSELscam shalini Fadnavis ed| 
|neutral| , |3Novices No regret over Pehlu s death Alwar BJP MLA April 25 2017 at 05 12AM News Hyderabad OnlineMedia| 
|neutral| , |RT sjain NSELscam| 
|neutral| , |RT Has BJPGovt framed a congruous amp comprehensive policy in 3years to deal with Naxalism or was it s resolution babble https| 
|neutral| , |RT NSELscam| 
|neutral| , |RT NSELscam shali| 
|neutral| , |RT INC will never ever align with Sangh BJP against Left CPIM aligned with BJP to try to vote out Dr Singh Karat must apologize pu| 
|neutral| , |RT NSELscam shalini Fadnav| 
|neutral| , |what is your qualification to handle yr current job offered by BJP Same as Feku| 
|neutral| , |Bjp ne vaada kiya hai Ki 60saal me Cong Ne jitna nhi kiya utna krenge sachmuch itne jawaan Cong k raaj me nahi mare| 
|neutral| , |BJP National President Shri inaugurating Pandit Deen Dayal Upadhyay Vistarak Yojana from Naxalbari amp inte| 
|neutral| , |28 who blamed RSS for Mumbai 26 11 terror attack alleges Raman Singh amp BJP have an understanding with Naxals Beyond senile| 
|neutral| , |Tumhen dawud dikhta h kadodon rss k gundey nhi dikhte bjp k be lagam mujrim nhi dikhte Bhai kia tamasha h pahle bandarya nachate the kia| 
|neutral| , |RT After BJP approached AAP MLA PraveenDeshmukh to join BJP| 
|neutral| , |bhai bjp ki jeet hai per phir bhi wait kar lete hai ki har ko dekhne ka meja hi kuch or ayega| 
|neutral| , |RT BJP leader called me to ask if I could help get AAP MLAs to defect I fibbed that I had recorded our conversation he alm| 
|neutral| , |I sought a meeting with the PM on Kashmir there has been no response Yashwant Sinha| 
|neutral| , |Two BJP Leaders Were Among 13 Convicted For Supplying Arms And Ammunition To Naxals Are Imprisoned| 
|neutral| , |RT It s shameful that u consted twice on AAP ticket n both the time people rejected you No wonder you joined BJP after AAP J| 
|neutral| , |RT Chhattisgarh is Ruled By BJP Centre By Modi Govt BJP need to take the Sukma Responsibility HMO need to either Resign or| 
|neutral| , |bjp ke neta ki tarah biyan bazi kar rahe ho wah chamchagiri| 
|neutral| , |RT We voted BJP so that dantewada type Massacre never happens But today with Sukma Massacre Our belief has been shake| 
|neutral| , |RT BVFCL BJP We r waiting for d proposed 4th Ammonia Urea unit at BVFCL Namrup to serve d N| 
|neutral| , |RT had a deal with Maoists in Chhattisgarh says Senior leader Digvijaya Singh| 
|neutral| , |RT 1905 BJP| 
|neutral| , |RT PM amp BJP talk of nationalism but sell power to Pakistan while people in India don t have power Is PM em POWERING Pakist| 
|neutral| , |RT app BJP app| 
|neutral| , |RT AmitShahji starts BJP expansion plan from Naxalbari today Instead pl plan with PM on how to stop Naxalism amp don t put Pa| 
|neutral| , |Yahan congress mukt Bihar ho raha hai pappu ko bihar mukt BJP dikhi BTW bihar m| 
|neutral| , |RT BJP BJPKaJungleRaaj| 
|neutral| , |RT UP BJP 1| 
|neutral| , |sir bjp delhi mai 172 seat layegi mcd election mai salute sir saare jahan se acha Hindustan humara vande mataram| 
|neutral| , |RT AAP s accuses of trying to poach MLAs gets into Twitter war with b| 
|neutral| , |RT Target 2019 Lok Sabha elections BJP President launches expansion drive from West Bengal| 
|neutral| , |RT TV 10 BJP| 
|neutral| , |RT In pictures BJP National President Shri at Pt Deen Dayal Vistarak Yojana programme in West Bengal| 
|neutral| , |Deal in b w BJP amp Congress with tampering of evm U tek punjab We will tek UP uterakhand But kip| 
|neutral| , |RT AAP MLA claims BJP offered her LS ticket if she defected accuses it of trying to poach AAP legislators PT| 
|neutral| , |RT BJP is committed to bring back the glory of Bengal the land of Tagore Swami Vivekanand Subhash babu S P Mookerjee and oth| 
|neutral| , |congress Tum log sirf bakwaas karte raho Yehi kaam hai tum Congressiyon Ka public vote fir bhi BJP ko de ra| 
|neutral| , |Sir we have worked and casted vote for modi ji n BJP not to see others now plz intervane if MLA Surendra| 
|neutral| , |Deal in b w BJP amp Congress with tampering of evm U tek punjab We will tek UP utterakhand But kip away AAP from pu| 
|neutral| , |RT Some historian will note irony of BJP launching its conquer Bengal campaign from Naxalbari on the day Naxals massacre C| 
|neutral| , |RT Fadnavis ITCELL Maha shalini Civ| 
|neutral| , |RT BJP| 
|neutral| , |RT Under leadership of Sh CM BJP Pres all ADC members of Churachandpur merge| 
|neutral| , |RT Ind Had exposed how NIA was working to help Pragya amp case was being weakened by Modi govt Jacob| 
|neutral| , |hansraj Dr Sahab BJP ke Raj mei 24 Jawan ka Murder Kill all nuxlist oth| 
|neutral| , |BJP may come to power in west bengal in2019 as i predict| 
|neutral| , |Bjp jitega| 
|neutral| , |RT Cm BJP| 
|neutral| , |RT Kanan Every Scheme partly funded by Central Govt is financed by people s money not from PM s s| 
|neutral| , |Last chance tha modiji se Milney ka Aab UN key ghar jhadu poncha karega| 
|neutral| , |RT UP BJP BJPKaJungleRaaj| 
|neutral| , |RT MLA BJP BJP| 
|neutral| , || 
|neutral| , |RT Some Pharma companies are using pressure technic to escape from price cap Sir BJP| 
|neutral| , |I congratulate BJP on their victory in all 3 MCDs My govt looks forward to working wid MCDs for the betterment of Delhi| 
|neutral| , |RT BJP| 
|neutral| , |n ji knows as well u sell only chitta in punjab n v want BJP to br| 
|neutral| , |RT BJP 2 AAP 40| 
|neutral| , |RT Grateful to the people of Delhi for the faith in BJP I laud the hardwork of team which made the resounding MC| 
|neutral| , |BJP TMC ganging up to politically eliminate Left CPI M via| 
|neutral| , |RT BJP| 
|neutral| , |RT BJP Is Pak zi| 
|neutral| , |RT Sing BJP| 
|neutral| , |RT BJP Or abduct| 
|neutral| , |RT BJP Askhole s| 
|neutral| , |RT IndiaUpfront It s not a mahagathbandhan it s a maha bhay gathbandhan GVL Narasimha Rao BJP AntiModiMela| 
|neutral| , |Bjp ko angerejo kiterah apene gulami kerana cahti hey fir eleksen kerane ki keya jeruret hey| 
|neutral| , |Congrats all of bjp sponsors| 
|neutral| , |RT 28 I entirely agree with Shehzad We are driving Muslims in this Country to believe that they have n| 
|neutral| , |RT JDU 94 RJD 9 LJP 14 AAP 38 BJP 5| 
|neutral| , |MCD Election Results 2017 Delhi Picks BJP Again Arvind Kejriwal Spurned 10 Points NDTV| 
|neutral| , |RT I congratulate BJP on their victory in all 3 MCDs My govt looks forward to working wid MCDs for the betterment of Delhi| 
|neutral| , |RT If anything AAP should look forward to losing those people who take money amp join BJP others Those are people you DON T| 
|neutral| , |RT 4 Read| 
|neutral| , |Hope dr kumar is nt bjp man| 
|neutral| , |RT banka1 Journey of kejriwal 2013 Blame Congress 2014 Blame Delhi Police 2015 Blame BJP 2016 Blame Modi 2017 Blame EVMs MCDresult| 
|neutral| , |RT Of course cows pay taxes and happen to b d biggest vote bank for bjp Who cares if farmers r dying or soldiers https| 
|neutral| , |RT sabanaqvi Dear BJP while at it pls get rid of the pigs too Not just the cows but the Nation s economy is burdened| 
|neutral| , |BJP MPs meet CM seek probe into Saharanpur Agra clash Times of India Lucknow News| 
|neutral| , |RT BJP MCD| 
|neutral| , |BJP now sets eye on Mamata s bastion Amit Shah launches Ab Ki Baar BJP Sarkar slogan in via| 
|neutral| , |4 Read| 
|neutral| , |BJP won from our area| 
|neutral| , |RT Congrats Now is the time to deliver and honor the faith people have shown in BJP Results need to be visible| 
|neutral| , |RT Both BJP and Congress in fact any paty from the north will have the same chauvinistic mindset| 
|neutral| , |He is nothing but Dalal of RSS and Modi ji He over looked Lokaukata corruption of BJP rulled states and| 
|neutral| , |RT Saharanpur violence BJP MP was in crowd that vandalised my office says SSP| 
|neutral| , |BJP Is our govt sleeping y allow such elements to survive| 
|neutral| , |Dissent and cracks began appearing in the Aam Aadmi Party AAP soon after it was washed out by BJP s Modi wave| 
|neutral| , |RT 92 Congress 40 AAP candidates lose security deposit as BJP sweeps MCD polls| 
|neutral| , |2015 AAP 54 67 Seat BJP Cong 42| 
|neutral| , |RT Temple priest amp sants of Madhya Pradesh to campaign against BJP if Govt passes law taking over all Hindu temple land https| 
|neutral| , |RT BJP fielded 6 Muslim candidates in Muslim constituencies All of them spoke against triple Talaq just before the elections| 
|neutral| , |RT RJD BJP| 
|neutral| , |RT After MCD poll debacle and ahead of 2019 Lok Sabha polls opposition unites to form gathbandhan against BJP AntiModiMela h| 
|neutral| , |BJP Mahila Morcha team visits maternity hospital| 
|neutral| , |RT They left just see Cong looses Hah Groomed by CONG amp sold themselves to BJP| 
|neutral| , |RT 8 BJP| 
|neutral| , |RT The Shiv Sena might yet ditch BJP again and vote for Marathi manoos Sharad Pawar if he runs for president My column htt| 
|neutral| , |Chalo 10 bjp ne kuchha nahi kiya To 3 saal se aap Party ke| 
|neutral| , |RT Mobs attacking police stations at Agra between April 20 22 were led by the local BJP MLA| 
|neutral| , |BJP EVM can be tampered it can be proved that they can be tampered stop denying it| 
|neutral| , |RT| 
|neutral| , |RT BJP Govt didn t give a penny to TN farmers who drank urine in protest but will spend 148 crore on Aadhaar for cows https| 
|neutral| , || 
|neutral| , |BJP| 
|neutral| , || 
|neutral| , |RT Congratulations to BJP karyakartas and Delhi BJP President Shri Manoj Tiwari on registering an emphatic victory in MCD po| 
|neutral| , |Ranjan Palai Ganjam Dist Youth Wing President of BJD along with his supporters joined BJP to be a part of the Deve| 
|neutral| , |Uttarakhand HC issues notices to CEC asks officials to preserve EVMs from constituency BJP candidate won| 
|neutral| , |BJP BJP| 
|neutral| , |RT patakha Abhi jab log dengue or chikungunya se marne lagenge tab sawal Kejriwal se puchha jaega BJP se nahi Waah re delhi wa| 
|neutral| , |RT damania During Election Campaign To vote for us Cong Press Panja AAP Press Broom Shivsena Press Bow amp Arrow BJP| 
|neutral| , |The way rift in going on nobody can save party ji pls revamp n dismiss all street fight in bjp| 
|neutral| , |RT After BJP came to power statements recorded in presence of a magistrate and hence admissible as evidence against Pragya Thakur| 
|neutral| , |RT One BJP achievement on Healthcare or Education in last three years will transform me fr| 
|neutral| , |BJP is trolling india| 
|neutral| , |RT| 
|neutral| , |RT Link of BJP President Sh s speech in a meeting with Intellectuals amp karyakartas in Kolkata 26 April 2017 ht| 
|neutral| , |RT chadha u should behave like a neutral amp unbiased journalist instead of behaving like the spok| 
|neutral| , |RT 5 Scenes BJP leaders| 
|neutral| , |RT BJP Terrorist| 
|neutral| , |raghuraj chudasama jaihind bjp| 
|neutral| , || 
|neutral| , |BJP had 2 MLA after being fighting for 10 years If we rule him out a check on big parties will be off| 
|neutral| , |BJP helped Sadhvi Pragya in getting bail alleges Cong| 
|neutral| , |This is just another number Irrresponsible BJP just not bothered| 
|neutral| , |Autocrat Kejriwal trying to rein his corporators BJP| 
|neutral| , |BJP helped Sadhvi Pragya in getting bail alleges Cong| 
|neutral| , |Autocrat Kejriwal trying to rein his corporators BJP| 
|neutral| , |RT Journey of kejriwal 2013 Blame Congress 2014 Blame Delhi Police 2015 Blame BJP 2016 Blame Modi 2017 Blame EVMs| 
|neutral| , || 
|neutral| , |In next election all the bengali people should comeout and vote including probasi| 
|neutral| , |Kashmir ka bura hal hai jawan mare ja re hai aur bjp wale kabhi samshan ghat bnate hai to kabhi talaq krva rhe hai| 
|neutral| , |BJP helped Sadhvi Pragya in getting bail alleges Cong kashmirtelegraph national| 
|neutral| , |raghuraj chudasama jaihind| 
|neutral| , |RT BJP https| 
|neutral| , |RT Kashmiri Jihadi are wasting their lives BJP govt will not give up an inch of J amp K whether mukt or Ghulam Kashmir Push us and| 
|neutral| , |Aur sati pratha 20 lakh se jyada Hindu aurat ki hk ki baat kro na ki 2 4 Muslims au| 
|neutral| , |Sirji West Bengal BJP ka intjar kar raha hai kya ye intjar khatm hoga ki nahi| 
|neutral| , |Ground work started for elections in state for BJP but tell you yedurappa will not change anything| 
|neutral| , |let the truth come out enough drama by CEC which is acting like a stooge for BJP| 
|neutral| , |IndiaNews BS Yeddyurappa vs Another Big BJP Gun Surges In Karnataka Video| 
|neutral| , |RT Sir ji Kudos to Manmohan Singh who proposed while in power and passed it as opposition BJP was always against it| 
|neutral| , |RT When will BJP stop using soldiers for their petty political gains| 
|neutral| , |RT rajivgoswami BJP| 
|neutral| , |RT BJP| 
|neutral| , |RT BJP 13 AAP 2| 
|neutral| , |RT I accept challenge of those who challenge me we ll capture Delhi says Mamta Banerjee amid BJP chief Amit Shah s WB visit P| 
|neutral| , |RT HarshilNayak PIL challenges appointment of in charge VC of GU who is close relative of BJP leader Court issues Notice to GU| 
|neutral| , |let Modi resign for his referendum in Punjab didnt Akali BJP lost their mandate| 
|neutral| , |RT BJP MCDresults| 
|neutral| , |x3 This is the biggest lie I ve ever heard| 
|neutral| , |RT Saharanpur SSP who faced abuse threat of transfer from local BJP MP for doing his job amongst cops transferred by UP| 
|neutral| , |x3| 
|neutral| , |Kya bolta hai tum mamta ko 103 digri bgukhar ho gya hai Matlab mamta har man gya To ab BJP pakka jitegi| 
|neutral| , |BJP| 
|neutral| , |Endia Bjp| 
|neutral| , |RT Fadnavis ITCELL Maha Please start with cleaning EOW which acts as Jigne| 
|neutral| , |misra BJP Asharambapu ji ko bina Koie sabut ke Bail nahi| 
|neutral| , |RT RahulGandhi BJP https| 
|neutral| , |RT Manipur unit of Trinamool Cong along with its President amp MLA Sh Robindro merges with BJP is| 
|neutral| , |RT This z BIG retweets 3 tweets that project Anna as BJP s agent So Now and team targeting Anna| 
|neutral| , |RT BJP| 
|neutral| , |RT Bjp MLA assaults bank manager but media does ny show any news forget outrage What a shame bjp| 
|neutral| , |RT BJP MLAs amp MPs are creating mayhem across the country but none gets the same attention as Ravindra Gaekwad Agree https| 
|neutral| , |DC| 
|neutral| , |BJP| 
|neutral| , |Plz never join BJP B badtameej Badbole J Jhoonte P Pakhandi| 
|neutral| , |RT BJP| 
|neutral| , |RT Sir I guess this is the channel who blackened the screen against BJP goverment| 
|neutral| , |RT BJP knew that it can t depend on its allies so it went ahead on MLA buying spree And you expect they will bring Lokpal f| 
|neutral| , |RT Aaena BJP BJP| 
|neutral| , |RT bsy bjp| 
|neutral| , |RT BJP leaders in Saharanpur relieved after SSP s transfer TOI Functional politics in India is a constant| 
|neutral| , |RT BJP on talent hunt for dynamic faces| 
|neutral| , |RT BJP| 
|neutral| , |RT These same neutrals remain voiceless when AAP s actions against injustice are suppressed by thugs BJP Cong| 
|neutral| , |RT BJP Rs 35| 
|neutral| , |RT Rule of law in UP after Yogi govt While Saffron goons on rampage in name of Gauraksha Romeo squad BJP MP MLAs threaten polic| 
|neutral| , |400| 
|neutral| , |bjp| 
|neutral| , || 
|neutral| , |Why is the TN BJP chief accusing Ms Sitharaman of rumour politics P| 
|neutral| , |Komachi Angel B z nowplaying| 
|neutral| , |RT Why is BJP trying to target Priyanka Gandhi Vadra coz fears her But what a reply by PGV PriyankaKnocksOutB| 
|neutral| , |RT cfm| 
|neutral| , |Sir they dont care cuz they no avm machine is with BJP and RSS| 
|neutral| , |Either bring all religious institutions under HRCE Act of 1951 OR get rid of it| 
|neutral| , |RT BJP| 
|neutral| , |T007| 
|neutral| , |RT BJP 2019 70 ht| 
|neutral| , |RT VIDEO ASP| 
|neutral| , |RT 4| 
|neutral| , |India BJP on talent hunt for dynamic faces Times of India topstories| 
|neutral| , |Rashid BJP councillors in MCD did terrific job in Delhi amp that s why the party itself didn t| 
|neutral| , |RT Here k Aaena| 
|neutral| , |RT Arrogant SRK and Amir neither tweeted nor went to his house after death of VinodKhanna Why Just because he was in BJP S| 
|neutral| , |RT Delhi court seeks report on allegations that BJP MP raped lawyer| 
|neutral| , |RT Jab tax lagega Desh bhakt taali bajayege BJP ko aur zyada vote milege Midiya tarif karega 56 ne kar dikhaya Jo kisi| 
|neutral| , |RT via| 
|neutral| , |RT AIMIM Chief blames PDP BJP government for Kashmir situation| 
|neutral| , |Not tolerating Indian govt and ruling BJP is encouraging and protecting these bands of savage who r victimizing M| 
|neutral| , |RT Gandhi bjp| 
|neutral| , |Endia Bjp| 
|neutral| , |RT BJP Natnl Pres Shri has set off on 95 day all India tour during which he vl strategize on ways 2win 2019 LS electio| 
|neutral| , |RT Instead of providing a solution for peace BJP has ensured that turmoil returns to the North East of India| 
|neutral| , |Think before you tweet Congress se sawal nahi poocha hota to Congress power ma| 
|neutral| , |RT Shri starting tour frm JnK where BJP s founder SPMookerjee laid hislife 2ensure JnK remains an integral part of Ind| 
|neutral| , |BreakingNews BJP habitual of playing press conference post court s verdicts SP| 
|neutral| , |Breaking news on 25th April 2017 BJP sweeps MCD polls AAP blames faulty EVM machines claims it is EVM leher not| 
|neutral| , |RT aks Bhutto took a stand against Burqa Did it matter She was the one who inc| 
|neutral| , |RT BJP wifi wifi| 
|neutral| , |Telangana BJP senior leaders maintain keep away from party meetings Nizamabad Studio N via| 
|neutral| , |RT AAP 34| 
|neutral| , |RT Raghav Lakhanpal hd publicly threatened to get Love Kumar transferred becs he didn t allow BJP MP to lead take illegal m| 
|neutral| , |Why dont BJP prove themselves conducting elections on ballot papers if Evms are not tampered EveryvoteModi| 
|neutral| , |RT Indian economy under modi| 
|neutral| , |RT Hey why anti always have this as an argument to save their skin despite you are headed by Anti BJP| 
|neutral| , |RT kolte| 
|neutral| , |RT I congratulate BJP on their victory in all 3 MCDs My govt looks forward to working wid MCDs for the betterment of Delhi| 
|neutral| , |Assam DSP arrested for posting derogatory remark against a lady BJP legislator on Facebook| 
|neutral| , |RT BJP Mid| 
|neutral| , |RT kolte| 
|neutral| , |RT sahyadri Indians| 
|neutral| , |RT BJP| 
|neutral| , |RT aks Does it matter though 27yrs ago same non Wahabi influence Kashmiri Muslims burnt hous| 
|neutral| , |RT BJP http| 
|neutral| , |RT HariOm I once again reiterate that BJP gave in writing to Mufti that it will maintain Article 370| 
|neutral| , |Waha bjp bhi aise logo ko rakh rahi| 
|neutral| , |Indian economy under modi| 
|neutral| , |BJP MKStalin| 
|neutral| , |RT 188 EVM BJP 42 EVM AAP 32 EVM Congress| 
|neutral| , |RT satyagrah4men today at jantar mantar BJP| 
|neutral| , |Who will stop the BJP No one in sight| 
|neutral| , |RT Bjp Don t want muslim women to suffer 4m triple talaq when we can make dem suffer evn mor by killin thr husbands in d na| 
|neutral| , |Up bjp| 
|neutral| , |vote percentage of BJP didn t improve after Bihar election defeat Only thing BJP managed to achieve by sheer| 
|neutral| , |RT INC This was what BJP used to say before coming to power in Haryana amp at the centre Govt run with prejudices amp vendettas| 
|neutral| , |RT Adressing in Madurai District Executive Meeting| 
|neutral| , |RT Belanje| 
|neutral| , |vic| 
|neutral| , |RT cr| 
|neutral| , |mediabharti three parties that offered some resistance to it in 2014 the AIADMK in Tamil Nadu the| 
|neutral| , |BJP| 
|neutral| , |RT No one can predict who is the next President of BJP but everyone knows who is the next President of Congress Shri| 
|neutral| , |RT cr| 
|neutral| , |RT Kim Jong Un after being told Hillary Clinton had agreed to release his book titled 1001 Ways of Screwing Trumpkins htt| 
|neutral| , |BJP Beda JDS maatra beda| 
|neutral| , |RT Visited Odisha Parba an event that celebrates Odia culture tradition amp cuisine organised by Odia Samaj at the India Gat| 
|neutral| , |Amit Shah in Jammu and Kashmir BJP only party with internal democracy Congress has no ideology Financial Expr| 
|neutral| , |RT Yogesh alleges minister in govt told him to convert 2 Islam to get caste certificate https| 
|neutral| , |RT Ind To all those who mistakenly believe BJP s intentions on TripleTalaq are pious amp not aimed at demonising Muslims here is| 
|neutral| , |RT Press any button but EVMs will vote for BJP After all EVM stands for Every Vote for Modi| 
|neutral| , |RT India needs 34 crore jobs in next 10 yrs BJP Govt is creating 2 2 lakh jobs year With this pace it would take 1545 yrs| 
|neutral| , |RT Gita 18 66 all the sins Do not grieve| 
|neutral| , |RT HariOm Read and share what BJP gave in writing to Mufti read PDP BJP agenda of alliance| 
|positive| , |Saffron goons with BJP MLA attack Agra police station to free 5 of their arrested friends Wah Kya law amp order hai| 
|positive| , |Familiar faces were out in force despite the heat for the Delhi civic polls While exit polls suggest BJP might c| 
|positive| , |RT Kejriwal meets Pinarayi Vijayan says all good people should come together against BJP What a combination| 
|positive| , |RT Fadnavis Insightful meeting at BJP HQ with all BJP CMs Hon ji amp ji I spoke on social transformation missio| 
|positive| , |BJP don t have a stand on creating new states and using state bifurcation| 
|positive| , |RT Most Shameless PM Ever Born Watch Video of Shameless Narendra Modi s Old Speech on Farmers https| 
|positive| , |RT Attended CM s meeting chaired by Hon PM Ji and Ji at BJP Hq I spoke on new schemes launched by| 
|positive| , |BJP Govt decision to impose Hindi may not go well in many states where Hindi is not a widely spoken or Official L| 
|positive| , |RT Biggest take away in terms of votes is the surprising Dalit swing in Delhi For the first time a big chunk has swung to BJP| 
|positive| , |RT Saffron goons with BJP MLA attack Agra police station to free 5 of their arrested friends Wah Kya law amp order hai Yogi Raj| 
|positive| , |See u did not give Bharat Ratna to Sarvakar the Brahmin who laid foundation to your very BJP organization M not even saying| 
|positive| , |is a proclaimed war criminal and even BJP top AB Vajpayee said they are enemy of the humanity You r supportin| 
|positive| , |RT prof It is time came out of their stupor took some concrete steps otherwise Kera| 
|positive| , |RT Rajasthan BJP minister of state for social justice Arun Chaturvedi insists upon Yogesh Kumar 20 to embrace Islam http| 
|positive| , |RT Exit polls predict landslide win for BJP in MCD elections via| 
|positive| , |RT Clean sweep for BJP in MCD polls AAP Congress to bite the dust Exit polls| 
|positive| , |RT saffron Casted my vote in MCD election clear sign of Big BJP wave| 
|positive| , |RT MCD Polls BJP Likely To Win Over 200 Of Delhis 270 Wards Predict Exit Polls| 
|positive| , |RT MCD Polls BJP Likely To Win Over 200 Of Delhis 270 Wards Predict Exit Polls https| 
|positive| , |RT Rashid SSP Love Kumar s wife narrates the horror of having her home attacked by BJP members how her children cried| 
|positive| , |RT HAHA P AAP charlatan warns of launching Movement if MCD exit poll results which predict a BJP LANDSL| 
|positive| , |thinker Media is responsible death of CRPF I never see they With ruling government modi n bjp wht| 
|positive| , |RT Love the way DMK spokesperson dared the BJP person to go ahead and declare Hindi as National Lang You have to hand it to Tam| 
|positive| , |RT Naxals attack on CRPF in Chattisgarh BJP govt in state and Center But some cute Bhakts are blaming Left Jaago Grahak Jaag| 
|positive| , |SupportModi NarendraModi Focus on 2019 PM Narendra Modi Amit Shah meet BJP Chief Ministers Economic Times| 
|positive| , |bjp PM has shown too much of goodwill It does not work with terrorists Naxals may be treated like dread| 
|positive| , |All those r in rule government they r responsible fr this bt bjp busy in goons f cow rakshak beef ban Hin| 
|positive| , |Not able to understand AAP logic Exit pole is also showing BJP is winning Does Exit pole uses EVM| 
|positive| , |RT too Few things make my blood boil One such is BJP top brass treating respectfully| 
|positive| , |RT baruah Modi ji knows who are his real supporters It s easy to support him on good days when bjp sweeps a election| 
|positive| , |RT It s proof that BJP has scared our stars so much that they even can dance in the functions of RSS| 
|positive| , |RT If BJP wins MCDs fair amp square tmrw that s fine but AAP knows Delhi wards inside out if there s any discrepancy in EVM t| 
|positive| , |Tmrw whats gonna happen with bjp i think aap will easily win 18 25 seats surpring anyway wht will ha| 
|positive| , |This is a die haaaaard BJP voter knowing fully well that our guys will lose deposits Appoint a mature person ple| 
|positive| , |Ppl hve realised but bjp will win by polarisation and hindutva vote bank politics| 
|positive| , |When BJP amp PM will do action Till when we just condemn amp be silent Does Modi is resting and preparing himself for net election sukmaattack| 
|positive| , |RT Past Present Future site Democracy is best for power shift to non ordained Hindus used IT ht| 
|positive| , |RT swati If this is true BJP government needs to let us know if ever they have demolished a mosque Indics are soft targets htt| 
|positive| , |RT Since new govt has come a new kind of mob has emerged which doesn t fear anyone says son of Agra SI Santosh Singh a| 
|positive| , |Sir with great respect India wants blood of the brutal attackers naxalites Otherwise what will be| 
|positive| , |RT BJP blames Muslim for eating Beef when most major temples have cow amp buffalo sacrifice in India amp Nepal| 
|positive| , |RT Africa Announcing Cow as National Animal is best legal amp formal way to approach CowProtection If BJP Govt is honest do it all| 
|positive| , |RT Captain rocks Almost every day a new initiative After 10yrs of SAD BJP misrule Punjab people have chosen wisely| 
|positive| , |RT Sukma attack happens on BJP s watch Naturally it blames human rights activists via in| 
|positive| , |sir non Bjp states are the culprits they are not wd good n Ma Bharati they want power n money only not wd idea of team India| 
|positive| , |RT New Deshbhakt Aamir khan is proof dat 2day he is only Deshbhakt who supports BJP n RSS n all others r Deshdrohi Hitler w| 
|positive| , |RT HariOm Absolutely I was on the dias when spoke against Art 370 Muftis amp Abdullahs I was then pol advisor to J amp K| 
|positive| , |RT Rajnath Singh s main role as a cabinet min is to remind Indians how a BJP leadership without Modi would look like That| 
|positive| , |RT Take your salary amp enjoy yourself CM Raman Singh to super cop Is BJP serious about fighting naxalities| 
|positive| , |bjp will win sir| 
|positive| , |ranvj What I am saying is there are real problems with BJP govt worth mentioning catchy semi ver| 
|positive| , |BJP chief Amit Shah warns TMC no matter how many atrocities you commit the lotus will still bloom here| 
|positive| , |RT Communist Kerala Minister Mani dubs Tamil Dalit women of Kerala as prostitutes amp there s complete silence al over| 
|positive| , |Grateful to the people of Delhi for the faith in BJP I laud the hardwork of team which made the resounding MCD win possible| 
|positive| , |Scam is economic there in BJP too inhuge size amp variety Ok when compared to bi| 
|positive| , |RT Not true Jama Masjid won by Sultana Abad of Congress Why this urge to credit BJP success to Muslim votes| 
|positive| , |RT Shri will shortly address Intellectuals amp Karyakarta meeting in Kolkata LIVE at ShahSays| 
|positive| , |Completely agree Had it not been trust on Namo AAP s aunties BJP had no chance with their performance| 
|positive| , |RT Narendra Modi is the most targeted leader since Independence Sudhanshu Trivedi BJP AntiModiMela| 
|positive| , |RT When Sir Ji is winning When BJP is winning| 
|positive| , |RT Shri is speaking at the Intellectuals amp Karyakarta meeting in Kolkata LIVE at ShahSays E| 
|positive| , |No celebrations BJP dedicates MCD win to slain CRPF jawans MCDResults by timesofindia| 
|positive| , |RT BJP win shows that all you need is crappy WhatsApp forwards full of lies amp propaganda amp an army of bhakts MCDresults MCDEl| 
|positive| , |RT Bolne do bro They read AAP s last rites before too Remember in EVERY election AAP has done better than BJP did when| 
|positive| , |RT Bhandari Electorally BJP seems to have magic pill Right Wing Nationalism amp Left wing Economics Opposition has no ideas on how| 
|positive| , |RT sabanaqvi Dear BJP now pls clean garbage dumps around Delhi Cows also affected This is sarcasm Good night| 
|positive| , |RT Very interesting read Congress Reclaims a Large Chunk of its Vote Share in Delhi From AAP AAP played BJP s B Team hel| 
|positive| , |RT The rout of AAP in MCD 2 yrs after spectacular win in Assemby despite poor performance of BJP in MCD shows abysmal perform| 
|positive| , |RT Now that BJP won MCD will tell us what MCD will do under him Regular fogging keeping drains clean| 
|positive| , |RT Policy All 5 Muslim Candidates lose Is this good answer to those asking why BJP didnt give single tickt to Muslims in UP https| 
|positive| , |RT AAP s internal survey AAP 218 BJP 39 Cong 8 Watch Full PC by| 
|positive| , |RT I am a true Hindu and I am proud that Hindus worldwide are coming together because of Modi ji and BJP More you bark m| 
|positive| , |Delhi Polls Takeout AAP Congress Battling For Same Opposition Space Thus Good For BJP via| 
|positive| , |RT Manthan Thanks 2 Kejriwal BJP won 43 more seats 2012 138 seats 2017 181seats MCDresults MCDelectionresults2017| 
|positive| , |RT BJP s stand on triple talaq is clear we strongly believe that rights of Muslim women should be protected NEWSR| 
|positive| , |BJP ABhakt proudly and respectfully address a Bhakt as Bhakt Can an AAPtard do the same BTW I m| 
|positive| , |RT SSP Saharanpur IPS Love Kumar got his 31st transfer order in 10 year carrier He didn t allow BJP MP Lakhanpal to trigger c| 
|positive| , |RT Yogi Adityanath govt transfers the top cops of Saharanpur amp Agra who acted against the rioting amp vandalism by BJP worker| 
|positive| , |RT Wow BBC Do read it BJP amp| 
|positive| , |From Urea Crisis few years ago to India becoming Urea Exporter Great job BJP| 
|positive| , |RT Kejriwal is making his corporators swear that they wont defect to BJP Nice move from the man who famously swore upon his| 
|positive| , |What ever u try u can t get any access people in BJP laugh at u and joke at ur tweets and commen| 
|positive| , |RT Bies Full marks to BJP supporters who take pride when called Bhakts AAP amp congress supporters get so offended when called AAPtards| 
|positive| , |how come u dont have good guttsy Anchor this man is nt capable fr Anchoris| 
|positive| , |RT Kejriwal warns new AAP MCD councillors If you betray the movement then you are betraying God Hubris remains http| 
|positive| , |RT Will the GE14 in Malaysia be the most intensely campaigned on race amp religion by BN UMNO like Modi s BJP campaign in India| 
|positive| , |RT PM is speaking now Watch LIVE at NamoInShimla| 
|positive| , |RT Infact most of the media anchors are behaving like BJP spokespersons 11| 
|positive| , |RT Who is responsible 4 highest ever violence amp bloodshed BJP s overwhelming desire 2 be in power in J amp K despite being detested| 
|positive| , |RT BJP lost in Rajauri Garden in 13 days Isn t it a Big Jhatka to BJP Aww but ur channel is to create sensation abo| 
|positive| , |Calm down Biggest supporters of BJP are coporates And it s in their interest to have a funct| 
|positive| , |RT BJP Govt in Chhattisgarh refused to use latest technology in building roads despite CRPF DIG advising constantly to invest i| 
|positive| , |RT When asked how many debates media has done over development agenda of BJP anchor divert question into allegation Tehseen| 
|positive| , |RT I m a Congress worker but will admit that things have really improved for farmers under the present BJP regime https| 
|positive| , |RT I m a Congress worker but will admit that things have really improved for farmers under the present BJP regime https| 
|positive| , |it s time to bring new fresh blood in Karnataka BJP just like did the same thing Delhi| 
|positive| , |All the more to throw oldies out and find a adityanath in Karnataka BJP shd nt forget bihar| 
|positive| , |The Anti Farmer face of BJP Govt stands EXPOSED BJP s hidden agenda of taxing farmers unmasked by Chief Economic| 
|positive| , |NDA coal Minister chargesheeted in Coalgate Scam was not merely a UPA scam It involved the NDA govt too| 
|positive| , |I can proudly say as a student of Political Science that BJP is the only party in India where internal democracy is| 
|positive| , |RT Bhaiyaa Even after so many hit jobs agnst BJP amp Modi by this journo amp her channel NDTV s ministers releasing amp tw| 
|positive| , |As 4 More Congressmen Join BJP In Manipur Himanta Biswa Sarma s Jab At Rahul Gandhi via| 
|positive| , |RT Brilliant effort ji to connect with the masses amp spread the philosophy of BJP| 
|positive| , |RT Prominent leaders along with their supporters from Congress amp BJD and eminent Social Workers joined BJP Today at Berhampur| 
|positive| , |RT A parliamentarian of the ruling BJP in Uttar Pradesh is on camera threatening to skin a police officer alive https| 
|positive| , |RT Crash Course on How to deny BJP the credit of massive MCD win| 
|positive| , |BJP need a good newspaper support or it should start one| 
|positive| , |RT No doubt he has taken all of us for a ride now I strongly feel that he is an agent of BJP| 
|positive| , |RT It took 3 years under BJP for India to become North Korea Wow| 
|positive| , |RT AAP has 2 bounce back G R u happy by d Governance of BJP or Congres U might also hav lost fewCases in ur youngr| 
|positive| , |RT NDA coal Minister chargesheeted in Coalgate Scam was not merely a UPA scam It involved the NDA govt too| 
|positive| , |RT This is the ZIDD of AK that not only Cong but BJP is aware of too For them not AAP but ArvindKejriwal is biggest threat| 
|positive| , |RT The Anti Farmer face of BJP Govt stands EXPOSED BJP s hidden agenda of taxing farmers unmasked by Chief Economic Adviser| 
|positive| , |RT Bring all churches under government control if BJP has guts Else free Hindu Temple from Government control| 
|positive| , |RT ak has been started by Jihadi Didi Ji has caught the right pulse Cc EbarBangla| 
|positive| , |RT 2 most filthy cities in India are Delhi amp Mumbai BJP is directly responsible to keep them clean for a decade but Kejriwal is| 
|positive| , |RT SSP Saharanpur IPS Love Kumar got his 31st transfer order in 10 year carrier He didn t allow BJP MP Lakhanpal to trigger c| 
|positive| , |BJP Why you want to infest the whole country with their skill set No way| 
|positive| , |RT News BJP president AmitShah sets off on 95 day tour of states tomorrow to strategise on ways to win the 2019 Lok Sabha election| 
|positive| , |RT s it k when bjp supporters abuse Bjpians r great abusers acc to UN Ny way I m agnst abusers| 
|positive| , |RT Under BJP Govt you really need to focus on the hidden clauses of any scheme The PM says 10 hides 90 Why can t he state a| 
|positive| , |PM Shri garlands the statue of Lord Basaveshwara on the occasion of 50th BasavaJayanti Watch LIVE a| 
|positive| , |So much for Good Governance amp New Haryana where BJP CM isn t even aware that IIM exists in Rohtak since 2009| 
|positive| , |RT BJP talent hunt Key phrase Capable of doing proper research into public issues clean background Fab news if true https| 
|positive| , |RT It s fitting that the son of a tea seller amp a homemaker who washed others utensils is fighting VIPism My column https| 
|positive| , |BJP chief Amit Shah warns TMC no matter how many atrocities you commit the lotus will still bloom here| 
|positive| , |RT Yogi Adityanath govt transfers the top cops of Saharanpur amp Agra who acted against the rioting amp vandalism by BJP worker| 
|positive| , |RT Adani Ambani BJP Cong anti people policies Vs pro people policies honest governance Take a pick| 
|positive| , |RT We live in perverted times covering up intolerance earns you the title of liberal call it out amp you not the bigot| 
|positive| , |RT I kept on thinking what to reply Can only say like we worked in UP on ground 4 BJP win| 
|positive| , |BJP Very well written absolutely both appas should be shown the door| 
|positive| , |RT Reminder Highly respected and superlatively intellectual Sagarika Ghose had demanded that Gautam Gambhir be jailed http| 
|positive| , |RT Good to see ji has taken up a Vistaar Yatra to concentrate on the LS seats where BJP lost in 2014| 
|positive| , |RT Why is BJP Govt so soft on anti national activities in Central Universities Has MHRD ministry gone dormant after departu| 
|positive| , |RT PM Shri garlands the statue of Lord Basaveshwara on the occasion of 50th BasavaJayanti Watch LIVE at https| 
|positive| , |RT PM PM Shri garlands the statue of Lord Basaveshwara on the occasion of 50th BasavaJayanti Watch LIVE at h| 
|positive| , |RT NDTV is a special case they have patron in chief within both Congress amp BJP appears even is helpless https| 
|positive| , |RT Be patient wait for a less crowded bus to arrive at the bus stop no journey is as important as life RoadSafety| 
|positive| , |RT Gita 18 66 Setting aside all the laws of right action your duties you come for refuge to Me the God alone I shall re| 
|positive| , |RT Delhi High Court dismisses election petition against Delhi Cantt MLA Commando Surinder filed by defeated BJP candidate| 
